kind,reference_id,date,amount,charged_total,correct_total,delta,action
Pay2New-CC,SDS1788255638982,2026-09-01T09:40:38.986Z,10,11.8,0,-11.8,REFUND
Pay2New-CC,SDS1788348437870,2026-09-02T11:27:17.878Z,10,11.8,0,-11.8,REFUND
Pay2New-CC,SDS1788587450330,2026-09-05T05:50:50.341Z,10,11.8,0,-11.8,REFUND
Pay2New-CC,SDS1788591077105,2026-09-05T06:51:17.111Z,10,11.8,0,-11.8,REFUND
Pay2New-CC,SDS1788595759275,2026-09-05T08:09:19.284Z,10,11.8,0,-11.8,REFUND
Pay2New-CC,SDS1788601933389,2026-09-05T09:52:13.395Z,10,11.8,0,-11.8,REFUND
Pay2New-CC,SDS1788606728679,2026-09-05T11:12:08.710Z,10,11.8,0,-11.8,REFUND
Pay2New-CC,SDS1788610385056,2026-09-05T12:13:05.060Z,10,11.8,0,-11.8,REFUND
Pay2New-CC,SDS1788611538741,2026-09-05T12:32:18.753Z,10,11.8,0,-11.8,REFUND
Pay2New-CC,SDS1788612369490,2026-09-05T12:46:09.526Z,10,11.8,0,-11.8,REFUND
Pay2New-CC,SDS1790075304757,2026-09-22T11:08:24.766Z,20,11.8,0,-11.8,REFUND
Pay2New-CC,SDS1790075692735,2026-09-22T11:14:52.753Z,10,11.8,0,-11.8,REFUND
Pay2New-CC,SDS1790076429185,2026-09-22T11:27:09.198Z,10,11.8,0,-11.8,REFUND
Pay2New-CC,SDS1790246626886,2026-09-24T10:43:46.908Z,10,11.8,0,-11.8,REFUND
Pay2New-CC,SDS1790331877104,2026-09-25T10:24:37.112Z,10,11.8,0,-11.8,REFUND
Pay2New-CC,SDS1790332352326,2026-09-25T10:32:32.341Z,10,11.8,0,-11.8,REFUND
Pay2New-CC,SDS1790405416798,2026-09-26T06:50:16.833Z,1,11.8,0,-11.8,REFUND
Pay2New-CC,SDS1790407207263,2026-09-26T07:20:07.273Z,1,11.8,0,-11.8,REFUND
Pay2New-CC,SDS1790409663257,2026-09-26T08:01:03.270Z,10700,29.5,11.8,-17.7,REFUND
Pay2New-CC,SDS1790413120351,2026-09-26T08:58:40.369Z,49000,29.5,11.8,-17.7,REFUND
Pay2New-CC,SDS1790413271236,2026-09-26T09:01:11.252Z,49001,29.5,11.8,-17.7,REFUND
Pay2New-CC,SDS1790413839582,2026-09-26T09:10:39.606Z,49990,29.5,11.8,-17.7,REFUND
Pay2New-CC,SDS1790413991677,2026-09-26T09:13:11.690Z,47708,29.5,11.8,-17.7,REFUND
Pay2New-CC,SDS1790426676180,2026-09-26T12:44:36.192Z,49995,29.5,11.8,-17.7,REFUND
Pay2New-CC,SDS1790426779431,2026-09-26T12:46:19.444Z,49998,29.5,11.8,-17.7,REFUND
Pay2New-CC,SDS1790433245885,2026-09-26T14:34:05.901Z,6172,23.6,11.8,-11.8,REFUND
Pay2New-CC,SDS1790435703237,2026-09-26T15:15:03.253Z,2600,17.7,11.8,-5.9,REFUND
Pay2New-CC,SDS1790488391695,2026-09-27T05:53:11.706Z,48000,29.5,11.8,-17.7,REFUND
Pay2New-CC,SDS1790488527168,2026-09-27T05:55:27.196Z,42000,29.5,11.8,-17.7,REFUND
Pay2New-CC,SDS1790502673653,2026-09-27T09:51:13.655Z,9052,23.6,11.8,-11.8,REFUND
Pay2New-CC,SDS1790586838043,2026-09-28T09:13:58.062Z,15992,29.5,11.8,-17.7,REFUND
Pay2New-CC,SDS1790587186491,2026-09-28T09:19:46.509Z,49000,29.5,11.8,-17.7,REFUND
Pay2New-CC,SDS1790587299323,2026-09-28T09:21:39.333Z,38441,29.5,11.8,-17.7,REFUND
Pay2New-CC,SDS1790590191862,2026-09-28T10:09:51.875Z,49999,29.5,11.8,-17.7,REFUND
Pay2New-CC,SDS1790597288437,2026-09-28T12:08:08.494Z,49000,29.5,11.8,-17.7,REFUND
Pay2New-CC,SDS1790598167777,2026-09-28T12:22:47.787Z,19464,29.5,11.8,-17.7,REFUND
Pay2New-CC,SDS1790598842241,2026-09-28T12:34:02.255Z,35000,29.5,11.8,-17.7,REFUND
Pay2New-CC,SDS1790599779457,2026-09-28T12:49:39.471Z,29975,29.5,11.8,-17.7,REFUND
Pay2New-CC,SDS1790602156116,2026-09-28T13:29:16.127Z,45014,29.5,11.8,-17.7,REFUND
Pay2New-CC,SDS1790602277053,2026-09-28T13:31:17.063Z,46000,29.5,11.8,-17.7,REFUND
Pay2New-CC,SDS1790602544924,2026-09-28T13:35:44.937Z,49000,29.5,11.8,-17.7,REFUND
Pay2New-CC,SDS1790604219888,2026-09-28T14:03:39.902Z,39999,29.5,11.8,-17.7,REFUND
Pay2New-CC,SDS1790604578371,2026-09-28T14:09:38.383Z,33950,29.5,11.8,-17.7,REFUND
Pay2New-CC,SDS1790606409624,2026-09-28T14:40:09.634Z,45000,29.5,11.8,-17.7,REFUND
Pay2New-CC,SDS1790606535866,2026-09-28T14:42:15.886Z,49999,29.5,11.8,-17.7,REFUND
Pay2New-CC,SDS1790606697621,2026-09-28T14:44:57.646Z,8100,23.6,11.8,-11.8,REFUND
Pay2New-CC,SDS1790607343051,2026-09-28T14:55:43.063Z,49999,29.5,11.8,-17.7,REFUND
Pay2New-CC,SDS1790660339741,2026-09-29T05:38:59.762Z,10,11.8,0,-11.8,REFUND
Pay2New-CC,SDS1790665307425,2026-09-29T07:01:47.439Z,49998,29.5,11.8,-17.7,REFUND
Pay2New-CC,SDS1790665966943,2026-09-29T07:12:46.955Z,21770,29.5,11.8,-17.7,REFUND
Pay2New-CC,SDS1790667411120,2026-09-29T07:36:51.135Z,37694,29.5,11.8,-17.7,REFUND
Pay2New-CC,SDS1790667486487,2026-09-29T07:38:06.508Z,39922,29.5,11.8,-17.7,REFUND
Settlement,PSV2_7c4a1ff2-747c-4bd7-b7df-43f7ed50b419_1788671241353,2026-09-06T05:07:21.365Z,100,0,21.24,21.24,COLLECT
Settlement,PSV2_7c4a1ff2-747c-4bd7-b7df-43f7ed50b419_1790345832241,2026-09-25T14:17:12.242Z,48763,0,21.24,21.24,COLLECT
Settlement,PSV2_7c4a1ff2-747c-4bd7-b7df-43f7ed50b419_1790346979492,2026-09-25T14:36:19.500Z,14550,0,21.24,21.24,COLLECT
Settlement,PSV2_7c4a1ff2-747c-4bd7-b7df-43f7ed50b419_1790397096488,2026-09-26T04:31:36.499Z,48600,0,21.24,21.24,COLLECT
Settlement,PSV2_7c4a1ff2-747c-4bd7-b7df-43f7ed50b419_1790403404764,2026-09-26T06:16:44.774Z,48745,0,21.24,21.24,COLLECT
Settlement,PSV2_7c4a1ff2-747c-4bd7-b7df-43f7ed50b419_1790403625230,2026-09-26T06:20:25.239Z,7312,0,21.24,21.24,COLLECT
Settlement,PSV2_7c4a1ff2-747c-4bd7-b7df-43f7ed50b419_1790406908256,2026-09-26T07:15:08.271Z,910,0,21.24,21.24,COLLECT
Settlement,PSV2_7c4a1ff2-747c-4bd7-b7df-43f7ed50b419_1790413354061,2026-09-26T09:02:34.080Z,1854,0,21.24,21.24,COLLECT
Settlement,PSV2_7c4a1ff2-747c-4bd7-b7df-43f7ed50b419_1790419550442,2026-09-26T10:45:50.458Z,39088,0,21.24,21.24,COLLECT
Settlement,PSV2_7c4a1ff2-747c-4bd7-b7df-43f7ed50b419_1790419777312,2026-09-26T10:49:37.324Z,48970,0,21.24,21.24,COLLECT
Settlement,PSV2_7c4a1ff2-747c-4bd7-b7df-43f7ed50b419_1790419879506,2026-09-26T10:51:19.523Z,28220,0,21.24,21.24,COLLECT
Settlement,PSV2_7c4a1ff2-747c-4bd7-b7df-43f7ed50b419_1790420081172,2026-09-26T10:54:41.183Z,49960,0,21.24,21.24,COLLECT
Settlement,PSV2_7c4a1ff2-747c-4bd7-b7df-43f7ed50b419_1790420170153,2026-09-26T10:56:10.163Z,9686,0,21.24,21.24,COLLECT
Settlement,PSV2_7c4a1ff2-747c-4bd7-b7df-43f7ed50b419_1790421450455,2026-09-26T11:17:30.480Z,32970,0,21.24,21.24,COLLECT
Settlement,PSV2_7c4a1ff2-747c-4bd7-b7df-43f7ed50b419_1790422115875,2026-09-26T11:28:35.887Z,34118,0,21.24,21.24,COLLECT
Settlement,PSV2_7c4a1ff2-747c-4bd7-b7df-43f7ed50b419_1790423851848,2026-09-26T11:57:31.861Z,49967,0,21.24,21.24,COLLECT
Settlement,PSV2_7c4a1ff2-747c-4bd7-b7df-43f7ed50b419_1790423964493,2026-09-26T11:59:24.509Z,49960,0,21.24,21.24,COLLECT
Settlement,PSV2_7c4a1ff2-747c-4bd7-b7df-43f7ed50b419_1790424066950,2026-09-26T12:01:06.962Z,26470,0,21.24,21.24,COLLECT
Settlement,PSV2_7c4a1ff2-747c-4bd7-b7df-43f7ed50b419_1790427248823,2026-09-26T12:54:08.836Z,25970,0,21.24,21.24,COLLECT
Settlement,PSV2_7c4a1ff2-747c-4bd7-b7df-43f7ed50b419_1790507231742,2026-09-27T11:07:11.748Z,77956,0,25.96,25.96,COLLECT
Settlement,PSV2_7c4a1ff2-747c-4bd7-b7df-43f7ed50b419_1790510668068,2026-09-27T12:04:28.073Z,43755,0,21.24,21.24,COLLECT
Settlement,PSV2_7c4a1ff2-747c-4bd7-b7df-43f7ed50b419_1790512342067,2026-09-27T12:32:22.070Z,99949,0,25.96,25.96,COLLECT
Settlement,PSV2_7c4a1ff2-747c-4bd7-b7df-43f7ed50b419_1790512438604,2026-09-27T12:33:58.608Z,36048,0,21.24,21.24,COLLECT
Settlement,PSV2_7c4a1ff2-747c-4bd7-b7df-43f7ed50b419_1790512539208,2026-09-27T12:35:39.220Z,81830,0,25.96,25.96,COLLECT
Settlement,PSV2_7c4a1ff2-747c-4bd7-b7df-43f7ed50b419_1790512625729,2026-09-27T12:37:05.740Z,17928,0,21.24,21.24,COLLECT
Settlement,PSV2_7c4a1ff2-747c-4bd7-b7df-43f7ed50b419_1790512735126,2026-09-27T12:38:55.131Z,53950,0,25.96,25.96,COLLECT
Settlement,PSV2_7c4a1ff2-747c-4bd7-b7df-43f7ed50b419_1790512786956,2026-09-27T12:39:46.963Z,16756,0,21.24,21.24,COLLECT
Settlement,PSV2_7c4a1ff2-747c-4bd7-b7df-43f7ed50b419_1790513332549,2026-09-27T12:48:52.557Z,97649,0,25.96,25.96,COLLECT
Settlement,PSV2_7c4a1ff2-747c-4bd7-b7df-43f7ed50b419_1790513367717,2026-09-27T12:49:27.723Z,350,0,21.24,21.24,COLLECT
Settlement,PSV2_7c4a1ff2-747c-4bd7-b7df-43f7ed50b419_1790518691742,2026-09-27T14:18:11.753Z,7130,0,21.24,21.24,COLLECT
Settlement,PSV2_7c4a1ff2-747c-4bd7-b7df-43f7ed50b419_1790575850899,2026-09-28T06:10:50.911Z,21684,0,21.24,21.24,COLLECT
Settlement,PSV2_7c4a1ff2-747c-4bd7-b7df-43f7ed50b419_1790589353703,2026-09-28T09:55:53.722Z,97434,0,25.96,25.96,COLLECT
Settlement,PSV2_7c4a1ff2-747c-4bd7-b7df-43f7ed50b419_1790591864847,2026-09-28T10:37:44.868Z,48734,0,21.24,21.24,COLLECT
Settlement,PSV2_7c4a1ff2-747c-4bd7-b7df-43f7ed50b419_1790596597829,2026-09-28T11:56:37.849Z,98000,0,25.96,25.96,COLLECT
Settlement,PSV2_7c4a1ff2-747c-4bd7-b7df-43f7ed50b419_1790599907434,2026-09-28T12:51:47.447Z,50000,0,25.96,25.96,COLLECT
Settlement,PSV2_7c4a1ff2-747c-4bd7-b7df-43f7ed50b419_1790605070239,2026-09-28T14:17:50.256Z,99947,0,25.96,25.96,COLLECT
Settlement,PSV2_7c4a1ff2-747c-4bd7-b7df-43f7ed50b419_1790605188003,2026-09-28T14:19:48.013Z,17208,0,21.24,21.24,COLLECT
Settlement,PSV2_7c4a1ff2-747c-4bd7-b7df-43f7ed50b419_1790605242587,2026-09-28T14:20:42.600Z,97647,0,25.96,25.96,COLLECT
Settlement,PSV2_7c4a1ff2-747c-4bd7-b7df-43f7ed50b419_1790607212888,2026-09-28T14:53:32.902Z,9000,0,21.24,21.24,COLLECT
Settlement,PSV2_7c4a1ff2-747c-4bd7-b7df-43f7ed50b419_1790608969183,2026-09-28T15:22:49.198Z,49970,0,21.24,21.24,COLLECT
Settlement,PSV2_7c4a1ff2-747c-4bd7-b7df-43f7ed50b419_1790609007607,2026-09-28T15:23:27.626Z,47470,0,21.24,21.24,COLLECT
Settlement,PSV2_7c4a1ff2-747c-4bd7-b7df-43f7ed50b419_1790609172678,2026-09-28T15:26:12.703Z,48626,0,21.24,21.24,COLLECT
Settlement,PSV2_7c4a1ff2-747c-4bd7-b7df-43f7ed50b419_1790610128589,2026-09-28T15:42:08.605Z,32070,0,21.24,21.24,COLLECT
Settlement,PSV2_7c4a1ff2-747c-4bd7-b7df-43f7ed50b419_1790611428534,2026-09-28T16:03:48.548Z,78111,0,25.96,25.96,COLLECT
Settlement,PSV2_7c4a1ff2-747c-4bd7-b7df-43f7ed50b419_1790611467814,2026-09-28T16:04:27.829Z,97647,0,25.96,25.96,COLLECT
Settlement,PSV2_7c4a1ff2-747c-4bd7-b7df-43f7ed50b419_1790658642374,2026-09-29T05:10:42.392Z,67920,0,25.96,25.96,COLLECT
Settlement,PSV2_7c4a1ff2-747c-4bd7-b7df-43f7ed50b419_1790661770252,2026-09-29T06:02:50.267Z,99945,0,25.96,25.96,COLLECT
Settlement,PSV2_7c4a1ff2-747c-4bd7-b7df-43f7ed50b419_1790661826160,2026-09-29T06:03:46.176Z,16967,0,21.24,21.24,COLLECT
Settlement,PSV2_7c4a1ff2-747c-4bd7-b7df-43f7ed50b419_1790663661102,2026-09-29T06:34:21.114Z,77548,0,25.96,25.96,COLLECT
Settlement,PSV2_7c4a1ff2-747c-4bd7-b7df-43f7ed50b419_1790665573590,2026-09-29T07:06:13.613Z,96878,0,25.96,25.96,COLLECT
Settlement,PSV2_7c4a1ff2-747c-4bd7-b7df-43f7ed50b419_1790668012455,2026-09-29T07:46:52.469Z,39000,0,21.24,21.24,COLLECT
Settlement,PSV2_7c4a1ff2-747c-4bd7-b7df-43f7ed50b419_1790668046793,2026-09-29T07:47:26.812Z,96877,0,25.96,25.96,COLLECT
Settlement,PSV2_7c4a1ff2-747c-4bd7-b7df-43f7ed50b419_1790668075928,2026-09-29T07:47:55.938Z,34067,0,21.24,21.24,COLLECT
Settlement,PSV2_7c4a1ff2-747c-4bd7-b7df-43f7ed50b419_1790669299714,2026-09-29T08:08:19.731Z,96946,0,25.96,25.96,COLLECT